Age,DailyRate,DistanceFromHome,EmployeeNumber,HourlyRate,MonthlyIncome,MonthlyRate,PercentSalaryHike,TotalWorkingYears,YearsAtCompany,YearsSinceLastPromotion
41,1102,1,1,94,5993,19479,11,8,6,0
49,279,8,2,61,5130,24907,23,10,10,1
37,1373,2,4,92,2090,2396,15,7,0,0
33,1392,3,5,56,2909,23159,11,8,8,3
27,591,2,7,40,3468,16632,12,6,2,2
32,1005,2,8,79,3068,11864,13,8,7,3
59,1324,3,10,81,2670,9964,20,12,1,0
30,1358,24,11,67,2693,13335,22,1,1,0
38,216,23,12,44,9526,8787,21,10,9,1
36,1299,27,13,94,5237,16577,13,17,7,7
35,809,16,14,84,2426,16479,13,6,5,0
29,153,15,15,49,4193,12682,12,10,9,0
31,670,26,16,31,2911,15170,17,5,5,4
34,1346,19,18,93,2661,8758,11,3,2,1
28,103,24,19,50,2028,12947,14,6,4,0
29,1389,21,20,51,9980,10195,11,10,10,8
32,334,5,21,80,3298,15053,12,7,6,0
22,1123,16,22,96,2935,7324,13,1,1,0
53,1219,2,23,78,15427,22021,16,31,25,3
38,371,2,24,45,3944,4306,11,6,3,1
24,673,11,26,96,4011,8232,18,5,4,1
36,1218,9,27,82,3407,6986,23,10,5,0
34,419,7,28,53,11994,21293,11,13,12,2
21,391,15,30,96,1232,19281,14,0,0,0
34,699,6,31,83,2960,17102,11,8,4,1
53,1282,5,32,58,19094,10735,11,26,14,4
32,1125,16,33,72,3919,4681,22,10,10,6
42,691,8,35,48,6825,21173,11,10,9,4
44,477,7,36,42,10248,2094,14,24,22,5
46,705,2,38,83,18947,22822,12,22,2,2
33,924,2,39,78,2496,6670,11,7,1,0
44,1459,10,40,41,6465,19121,13,9,4,1
30,125,9,41,83,2206,16117,13,10,10,1
39,895,5,42,56,2086,3335,14,19,1,0
24,813,1,45,61,2293,3020,16,6,2,2
43,1273,2,46,72,2645,21923,12,6,5,1
50,869,3,47,86,2683,3810,14,3,3,0
35,890,2,49,97,2014,9687,13,2,2,2
36,852,5,51,82,3419,13072,14,6,1,0
33,1141,1,52,42,5376,3193,19,10,5,1
35,464,4,53,75,1951,10910,12,1,1,0
27,1240,2,54,33,2341,19715,13,1,1,0
26,1357,25,55,48,2293,10558,12,1,1,0
27,994,8,56,37,8726,2975,15,9,9,1
30,721,1,57,58,4011,10781,23,12,12,3
41,1360,12,58,49,19545,16280,12,23,22,15
34,1065,23,60,72,4568,10034,20,10,9,8
37,408,19,61,73,3022,10227,21,8,1,0
46,1211,5,62,98,5772,20445,21,14,9,0
35,1229,8,63,36,2269,4892,19,1,1,0
48,626,1,64,98,5381,19294,13,23,1,0
28,1434,5,65,50,3441,11179,13,2,2,2
44,1488,1,68,75,5454,4009,21,9,4,1
35,1097,11,70,79,9884,8302,13,10,4,2
26,1443,23,72,47,4157,21436,19,5,2,0
33,515,1,73,98,13458,15146,12,15,15,8
35,853,18,74,71,9069,11031,22,9,9,1
35,1142,23,75,30,4014,16002,15,4,2,2
31,655,7,76,48,5915,9528,22,10,7,1
37,1115,1,77,51,5993,2689,18,7,7,0
32,427,1,78,33,6162,10877,22,9,9,7
38,653,29,79,50,2406,5456,11,10,10,9
50,989,7,80,43,18740,16701,12,29,27,13
59,1435,25,81,99,7637,2354,11,28,21,7
36,1223,8,83,59,10096,8202,13,17,17,12
55,836,8,84,33,14756,19730,14,21,5,0
36,1195,11,85,95,6499,22656,13,6,6,0
45,1339,7,86,59,9724,18787,17,25,1,0
35,664,1,88,79,2194,5868,13,5,3,1
36,318,9,90,79,3388,21777,17,2,1,0
59,1225,1,91,57,5473,24668,11,20,4,1
29,1328,2,94,76,2703,4956,23,6,5,0
31,1082,1,95,87,2501,18775,17,1,1,1
32,548,1,96,66,6220,7346,17,10,10,0
36,132,6,97,55,3038,22002,12,5,1,0
31,746,8,98,61,4424,20682,23,11,11,1
35,776,1,100,32,4312,23016,14,16,15,2
45,193,6,101,52,13245,15067,14,17,0,0
37,397,7,102,30,13664,25258,13,16,5,0
46,945,5,103,80,5021,10425,22,16,4,0
30,852,1,104,55,5126,15998,12,10,10,3
35,1214,1,105,30,2859,26278,18,6,6,0
55,111,1,106,70,10239,18092,14,24,1,1
38,573,6,107,79,5329,15717,12,17,13,1
34,1153,1,110,94,4325,17736,15,5,5,1
56,1400,7,112,49,7260,21698,11,37,6,0
23,541,2,113,62,2322,9518,13,3,0,0
51,432,9,116,96,2075,18725,23,10,4,0
30,288,2,117,99,4152,15830,19,11,11,10
46,669,9,118,64,9619,13596,16,9,9,4
40,530,1,119,78,13503,14115,22,22,22,11
51,632,21,120,71,5441,8423,22,11,10,1
30,1334,4,121,63,5209,19760,12,11,11,2
46,638,1,124,40,10673,3142,13,21,10,9
32,1093,6,125,87,5010,24301,16,12,11,5
54,1217,2,126,60,13549,24001,12,16,4,0
24,1353,3,128,33,4999,17519,21,4,3,0
28,120,4,129,43,4221,8863,15,5,5,0
58,682,10,131,37,13872,24409,13,38,37,1
44,489,23,132,67,2042,25043,12,17,3,1
37,807,6,133,63,2073,23648,22,7,3,0
32,827,1,134,71,2956,15178,13,1,1,0
20,871,6,137,66,2926,19783,18,1,1,1
34,665,6,138,41,4809,12482,14,16,16,2
37,1040,2,139,100,5163,15850,14,17,1,0
59,1420,2,140,32,18844,21922,21,30,3,2
50,1115,1,141,73,18172,9755,19,28,8,0
25,240,5,142,46,5744,26959,11,6,6,0
25,1280,7,143,64,2889,26897,11,2,2,2
22,534,15,144,59,2871,23785,15,1,0,0
51,1456,1,145,30,7484,25796,20,23,13,12
34,658,7,147,66,6074,22887,24,9,9,0
54,142,26,148,30,17328,13871,12,23,5,4
24,1127,18,150,52,2774,13257,12,6,5,1
34,1031,6,151,45,4505,15000,15,12,1,0
37,1189,3,152,87,7428,14506,12,12,5,1
34,1354,5,153,45,11631,5615,12,14,11,5
36,1467,11,154,92,9738,22952,14,10,9,2
36,922,3,155,39,2835,2561,22,7,1,0
43,394,26,158,92,16959,19494,12,25,25,4
30,1312,23,159,96,2613,22310,25,10,10,0
33,750,22,160,95,6146,15480,13,8,7,0
56,441,14,161,72,4963,4510,18,7,5,4
51,684,6,162,51,19537,6462,13,23,20,15
31,249,6,163,76,6172,20739,18,12,7,7
26,841,6,164,46,2368,23300,19,5,5,4
58,147,23,165,94,10312,3465,12,40,40,15
19,528,22,167,50,1675,26820,19,0,0,0
22,594,2,169,100,2523,19299,14,3,2,2
49,470,20,170,96,6567,5549,14,16,15,5
43,957,28,171,72,4739,16090,12,18,3,1
50,809,12,174,77,9208,6645,11,16,2,2
31,542,20,175,71,4559,24788,11,4,2,2
41,802,9,176,96,8189,21196,13,12,9,0
26,1355,25,177,61,2942,8916,23,8,8,5
36,216,6,178,84,4941,2819,20,7,3,0
51,1150,8,179,53,10650,25150,15,18,4,0
39,1329,4,182,47,5902,14590,14,17,15,5
25,959,28,183,41,8639,24835,18,6,2,2
30,1240,9,184,48,6347,13982,19,12,11,4
32,1033,9,190,41,4200,10224,22,10,5,0
45,1316,29,192,83,3452,9752,13,9,6,0
38,364,3,193,32,4317,2302,20,19,3,2
30,438,18,194,75,2632,23910,14,5,5,0
32,689,9,195,35,4668,22812,17,9,8,0
30,201,5,197,84,3204,10415,14,8,3,2
30,1427,2,198,35,2720,11162,13,6,5,1
41,857,10,199,91,17181,12888,13,21,7,7
41,933,9,200,94,2238,6961,21,7,5,1
19,1181,3,201,79,1483,16102,14,1,1,0
40,1395,26,202,54,5605,8504,11,20,20,2
35,662,1,204,94,7295,11439,13,10,10,0
53,1436,6,205,34,2306,16047,20,13,7,4
45,194,9,206,60,2348,10901,18,20,17,0
32,967,8,207,43,8998,15589,14,9,9,3
29,1496,1,208,41,4319,26283,13,10,10,0
51,1169,7,211,34,6132,13983,17,10,1,0
58,1145,9,214,75,3346,11873,20,9,1,0
40,630,4,215,67,10855,8552,11,15,12,2
34,303,2,216,75,2231,11314,18,6,4,1
22,1256,19,217,80,2323,11992,24,2,2,2
27,691,9,218,,2024,5970,18,6,2,2
28,440,21,221,42,2713,6672,11,5,5,0
57,334,24,223,83,9439,23402,16,12,5,1
27,1450,3,224,79,2566,25326,15,1,1,0
50,1452,11,226,53,19926,17053,15,21,5,4
41,465,14,227,56,2451,4609,12,13,9,1
30,1339,5,228,41,9419,8053,12,12,10,7
38,702,1,230,59,8686,12930,22,12,8,0
32,120,6,231,43,3038,12430,20,8,5,1
27,1157,17,233,51,3058,13364,16,6,5,1
19,602,1,235,100,2325,20989,21,1,0,0
36,1480,3,238,30,2088,15062,12,13,8,7
30,111,9,239,66,3072,11012,11,12,12,6
45,1268,4,240,30,5006,6319,11,9,5,0
56,713,8,241,67,4257,13939,18,19,2,2
33,134,2,242,90,2500,10515,14,4,3,0
19,303,2,243,47,1102,9241,22,1,1,1
46,526,1,244,92,10453,2137,25,24,24,15
38,1380,9,245,75,2288,6319,12,2,2,2
31,140,12,246,95,3929,6984,23,7,4,0
34,629,27,247,95,2311,5711,15,9,3,1
41,1356,20,248,70,3140,21728,22,4,4,0
50,328,1,249,86,3690,3425,15,5,3,0
53,1084,13,250,57,4450,26250,11,5,4,1
33,931,14,252,72,2756,4673,13,8,8,1
40,989,4,253,46,19033,6499,14,21,20,9
55,692,14,254,61,18722,13339,11,36,24,2
34,1069,2,256,45,9547,14074,17,10,10,1
51,313,3,258,98,13734,7192,18,21,7,1
52,699,1,259,65,19999,5678,14,34,33,11
27,894,9,260,99,2279,11781,16,7,7,0
35,556,23,261,50,5916,15497,13,8,1,0
43,1344,7,262,37,2089,5228,14,7,5,2
45,1195,2,264,65,16792,20462,23,22,20,11
37,290,21,267,65,3564,22977,12,8,8,1
35,138,2,269,37,4425,15986,11,10,6,1
42,926,21,270,36,5265,16439,16,11,5,0
38,1261,2,271,88,6553,7259,14,14,1,0
38,1084,29,273,54,6261,4185,18,9,7,1
27,472,1,274,60,4298,9679,19,6,2,2
49,1002,18,275,92,6804,23793,15,7,7,1
34,878,10,277,43,3815,5972,17,5,5,2
40,905,19,281,99,2741,16523,15,15,7,3
38,1180,29,282,70,6673,11354,19,17,1,0
29,121,27,283,35,7639,24525,22,10,10,1
22,1136,5,284,60,2328,12392,16,4,4,2
36,635,18,286,73,2153,7703,13,8,8,1
40,1151,9,287,63,4876,14242,14,5,3,0
46,644,1,288,97,9396,12368,16,17,4,0
32,1045,4,291,32,10400,25812,11,14,14,9
30,829,1,292,88,8474,20925,22,12,11,5
27,1242,20,293,90,9981,12916,14,7,7,0
51,1469,8,296,81,12490,15736,16,16,10,4
30,1005,3,297,88,2657,8556,11,8,5,0
41,896,6,298,75,13591,14674,18,16,1,0
30,334,26,299,52,6696,22967,15,9,6,0
29,992,1,300,85,2058,19757,14,7,6,1
45,1052,6,302,57,8865,16840,12,23,19,12
54,1147,3,303,52,5940,17011,14,16,6,0
36,1396,5,304,62,5914,9945,16,16,13,3
33,147,4,305,47,2622,13248,21,7,3,1
37,663,11,306,47,12185,10056,14,10,10,0
38,119,3,307,76,10609,9647,12,17,16,5
31,979,1,308,90,4345,4381,12,6,5,1
59,142,3,309,70,2177,8456,17,7,1,0
37,319,4,311,41,2793,2539,17,13,9,5
29,1413,1,312,42,7918,6599,14,11,11,4
35,944,1,314,92,8789,9096,14,10,10,0
29,896,18,315,86,2389,14961,13,4,4,0
52,1323,2,316,89,3212,3300,15,6,2,2
42,532,4,319,58,19232,4933,11,22,22,11
59,818,6,321,52,2267,25657,17,7,2,2
50,854,1,323,68,19517,24118,11,32,7,0
33,813,14,325,58,2436,22149,13,8,5,0
43,1034,16,327,80,16064,7744,22,22,17,1
33,465,2,328,39,2707,21509,20,13,9,1
52,771,2,329,79,19068,21030,18,33,33,15
32,1401,4,330,56,3931,20990,11,6,4,1
32,515,1,331,62,3730,9571,14,4,3,1
39,1431,1,332,96,2232,15417,14,7,3,1
32,976,26,333,100,4465,12069,18,4,3,2
41,1411,19,334,36,3072,19877,16,17,1,0
40,1300,24,335,62,3319,24447,17,9,9,4
45,252,1,336,70,19202,15970,11,25,24,1
31,1327,3,337,73,13675,13523,12,9,2,2
33,832,5,338,63,2911,14776,13,2,2,0
34,470,2,339,84,5957,23687,13,13,11,5
37,1017,1,340,83,3920,18697,14,17,3,0
45,1199,7,341,77,6434,5118,17,9,3,0
37,504,10,342,61,10048,22573,11,17,1,0
39,505,2,343,64,10938,6420,25,20,19,11
29,665,15,346,60,2340,22673,19,6,6,1
42,916,17,347,82,6545,23016,13,10,3,0
29,1247,20,349,45,6931,10732,14,10,3,0
25,685,1,350,62,4898,7505,12,5,4,1
42,269,2,351,56,2593,8007,11,10,9,7
40,1416,2,352,49,19436,5949,19,22,21,3
51,833,1,353,96,2723,23231,11,1,1,0
31,307,29,355,71,3479,11652,11,6,5,1
32,1311,7,359,100,2794,26062,20,5,5,0
38,1327,2,361,39,5249,19682,18,13,8,7
32,128,2,362,84,2176,19737,13,9,6,0
46,488,2,363,75,16872,14977,12,28,7,7
28,529,2,364,79,3485,14935,11,5,0,0
29,1210,2,366,78,6644,3687,19,10,0,0
31,1463,23,367,64,5582,14408,21,10,9,7
25,675,5,369,85,4000,18384,12,6,6,1
45,1385,20,372,79,13496,7501,14,21,20,4
36,1403,6,373,47,3210,20251,11,16,15,10
55,452,1,374,81,19045,18938,14,37,36,4
47,666,29,376,88,11849,10268,12,10,10,9
28,1158,9,377,94,2070,2613,23,5,5,0
37,228,6,378,98,6502,22825,14,7,5,0
21,996,3,379,100,3230,10531,17,3,3,1
37,728,1,380,80,13603,11677,18,15,5,0
35,1315,22,381,71,11996,19100,18,10,7,6
38,322,7,382,44,5605,19191,24,8,8,7
26,1479,1,384,84,6397,26767,20,6,6,1
50,797,4,385,96,19144,15815,14,28,10,1
53,1070,3,386,45,17584,21016,16,21,5,1
42,635,1,387,99,4907,24532,25,20,20,11
29,442,2,388,44,4554,20260,18,10,10,0
55,147,20,389,37,5415,15972,19,12,10,0
26,496,11,390,60,4741,22722,13,5,5,3
37,1372,1,391,42,2115,15881,12,17,17,5
44,920,24,392,43,3161,19920,22,19,1,0
38,688,23,393,82,5745,18899,14,10,2,1
26,1449,16,394,45,2373,14180,13,5,3,0
28,1117,8,395,66,3310,4488,21,5,5,0
49,636,10,396,35,18665,25594,11,22,3,1
36,506,3,397,30,4485,26285,12,10,8,7
31,444,5,399,84,2789,3909,11,2,2,2
26,950,4,401,48,5828,8450,12,8,8,7
37,889,9,403,53,2326,11411,12,4,4,1
42,555,26,404,77,13525,14864,14,23,20,4
18,230,3,405,54,1420,25233,13,0,0,0
35,1232,16,406,96,8020,5100,15,12,11,6
36,566,18,407,81,3688,7122,18,4,1,0
51,1302,2,408,84,5482,16321,18,13,4,1
41,334,2,410,88,16015,15896,19,22,22,0
18,812,10,411,69,1200,9724,12,0,0,0
28,1476,16,412,68,5661,4824,19,9,8,0
31,218,7,416,100,6929,12241,11,10,8,7
39,1132,1,417,48,9613,10942,17,19,18,3
36,1105,24,419,47,5674,6927,15,11,9,0
32,906,7,420,91,5484,16985,14,13,13,4
38,849,25,421,81,12061,26707,17,19,10,0
58,390,1,422,32,5660,17056,13,12,5,1
31,691,5,423,86,4821,10077,12,6,5,0
31,106,2,424,62,6410,17822,12,9,2,1
45,1249,7,425,97,5210,20308,18,24,24,9
31,192,2,426,32,2695,7747,18,3,2,2
33,553,5,428,74,11878,23364,11,12,10,8
39,117,10,429,99,17068,5355,14,21,21,11
43,185,10,430,33,2455,10675,19,9,8,1
49,1091,1,431,90,13964,17810,12,25,7,0
52,723,8,433,85,4941,17747,15,11,8,7
27,1220,5,434,85,2478,20938,12,4,4,1
32,588,8,436,65,5228,24624,11,13,13,11
27,1377,2,437,74,4478,5242,11,5,5,0
31,691,7,438,73,7547,7143,12,13,7,1
32,1018,2,439,74,5055,10557,16,10,7,0
28,1157,2,440,84,3464,24737,13,5,3,2
30,1275,28,441,64,5775,11934,13,11,10,1
31,798,7,442,48,8943,14034,24,10,10,8
39,672,7,444,54,19272,21141,15,21,21,13
39,1162,3,445,41,5238,17778,18,12,1,0
33,508,10,446,46,4682,4317,14,9,7,0
47,1482,5,447,42,18300,16375,11,21,3,1
43,559,10,448,82,5257,6227,11,9,9,0
27,210,1,449,73,6349,22107,13,6,5,1
54,928,20,450,31,4869,16885,12,20,4,0
43,1001,7,451,43,9985,9262,16,10,1,0
45,549,8,452,75,3697,9278,14,12,10,9
40,1124,1,453,57,7457,13273,22,6,4,0
29,318,8,454,77,2119,4759,11,7,7,0
29,738,9,455,30,3983,7621,17,4,3,2
30,570,5,456,30,6118,5431,13,10,10,1
27,1130,8,458,56,6214,3415,18,8,8,0
37,1192,5,460,61,6347,23177,16,8,6,0
38,343,15,461,92,11510,15682,14,12,11,2
31,1232,7,462,39,7143,25713,14,11,11,4
29,144,10,463,39,8268,11866,14,7,7,1
35,1296,5,464,62,8095,18264,13,17,16,0
23,1309,26,465,83,2904,16092,12,4,4,0
41,483,6,466,95,6032,10110,15,8,5,1
47,1309,4,467,99,2976,25751,19,5,0,0
42,810,23,468,44,15992,15901,14,16,1,0
29,746,2,469,61,4649,16928,14,4,4,0
42,544,2,470,52,2696,24017,11,4,3,1
32,1062,2,471,75,2370,3956,13,8,8,0
48,530,29,473,91,12504,23978,21,15,0,0
37,1319,6,474,51,5974,17001,13,13,7,6
30,641,25,475,85,4736,6069,12,4,2,2
26,933,1,476,57,5296,20156,17,8,8,7
42,1332,2,477,98,6781,17078,23,14,1,0
21,756,1,478,99,2174,9150,11,3,3,1
36,845,1,479,45,6653,15276,15,7,1,0
36,541,3,481,48,9699,7246,11,16,13,1
57,593,1,482,88,6755,2967,11,15,3,1
40,1171,10,483,46,2213,22495,13,10,7,1
21,895,9,484,39,2610,2851,24,3,3,2
33,350,5,485,34,2851,9150,13,1,1,0
37,921,10,486,98,3452,17663,20,17,5,0
46,1144,7,487,30,5258,16044,14,7,1,0
41,143,4,488,56,9355,9558,18,8,8,7
50,1046,10,491,100,10496,2755,15,20,4,1
40,575,22,492,68,6380,6110,12,8,6,1
31,408,9,493,42,2657,7551,16,3,2,2
21,156,12,494,90,2716,25422,15,1,1,0
29,1283,23,495,54,2201,18168,16,6,3,1
35,755,9,496,97,6540,19394,19,10,1,0
27,1469,1,497,82,3816,17881,11,5,5,0
28,304,9,498,92,5253,20750,16,7,7,0
49,1261,7,499,31,10965,12066,24,26,5,0
51,1178,14,500,87,4936,14862,11,18,7,0
36,329,2,501,96,2543,11868,13,6,2,2
34,1362,19,502,67,5304,4652,13,9,5,0
55,1311,2,505,97,16659,23258,13,30,5,1
24,1371,10,507,77,4260,5915,12,5,5,0
30,202,2,508,72,2476,17434,18,1,1,0
26,575,3,510,73,3102,6582,22,7,6,0
22,253,11,511,43,2244,24440,13,2,2,1
36,164,2,513,61,7596,3809,13,10,10,9
30,464,4,514,40,2285,3427,23,3,1,0
37,1107,14,515,95,3034,26914,12,18,18,12
40,759,2,516,46,5715,22553,12,8,5,1
42,201,1,517,95,2576,20490,16,8,5,1
37,1305,10,518,49,4197,21123,12,18,1,0
43,982,12,520,59,14336,4345,11,25,25,3
40,555,2,521,78,3448,13436,22,20,1,0
54,821,5,522,86,19406,8509,11,24,4,1
34,1381,4,523,72,6538,12740,15,6,3,1
31,480,7,524,31,4306,4156,12,13,13,3
43,313,21,525,61,2258,15238,20,8,3,1
43,1473,8,526,74,4522,2227,14,8,5,0
25,891,4,527,99,4487,12090,11,5,5,1
37,1063,25,529,72,4449,23866,15,15,13,10
31,329,1,530,98,2218,16193,12,4,4,3
39,1218,1,531,52,19197,8213,14,21,21,1
56,906,6,532,86,13212,18256,11,36,7,7
30,1082,12,533,83,6577,19558,11,6,5,4
41,645,1,534,49,8392,19566,16,10,10,0
28,1300,17,536,79,4558,13535,12,10,10,1
25,688,3,538,91,4031,9396,13,6,2,0
52,319,3,543,39,7969,19609,14,28,5,0
45,192,10,544,69,2654,9655,21,8,2,0
52,1490,4,546,30,16555,10310,13,31,5,1
42,532,29,547,92,4556,12932,11,19,5,0
30,317,2,548,43,6091,24793,20,11,5,0
60,422,7,549,41,19566,3854,11,33,29,11
46,1485,18,550,87,4810,26314,14,19,10,0
42,1368,28,551,88,4523,4386,11,7,6,0
24,1448,1,554,62,3202,21972,16,6,5,1
34,296,6,555,33,2351,12253,16,3,2,1
38,1490,2,556,42,1702,12106,23,1,1,0
40,1398,2,558,79,18041,13022,14,21,20,1
26,1349,23,560,90,2886,3032,22,3,3,0
30,1400,3,562,53,2097,16734,15,9,5,1
29,986,3,564,93,11935,21526,18,10,10,0
29,408,25,565,71,2546,18300,16,6,2,1
19,489,2,566,52,2564,18437,12,1,1,0
30,1398,22,567,69,8412,2890,11,10,9,7
57,210,29,568,56,14118,22102,12,32,1,0
50,1099,29,569,88,17046,9314,15,28,27,15
30,1116,2,571,49,2564,7181,14,12,11,6
60,1499,28,573,80,10266,2845,19,22,18,13
47,983,2,574,65,5070,7389,13,20,5,0
46,1009,2,575,51,17861,2288,13,26,3,0
35,144,22,577,46,4230,19225,15,6,5,4
54,548,8,578,42,3780,23428,11,19,1,0
34,1303,2,579,62,2768,8416,12,14,7,5
46,1125,10,580,94,9071,11563,19,15,3,1
31,1274,9,581,33,10648,14394,25,13,13,0
33,1277,15,582,56,13610,24619,12,15,7,7
33,587,10,584,38,3408,6705,13,8,4,1
30,413,7,585,57,2983,18398,14,4,3,1
35,1276,16,586,72,7632,14295,12,10,8,0
31,534,20,587,66,9824,22908,12,12,1,0
34,988,23,590,43,9950,11533,15,11,3,0
42,1474,5,591,97,2093,9260,17,8,2,2
36,635,10,592,32,9980,15318,14,10,10,9
22,1368,4,593,99,3894,9129,16,4,2,1
48,163,2,595,37,4051,19658,14,14,9,6
55,1117,18,597,83,16835,9873,23,37,10,7
41,267,10,599,56,6230,13430,14,16,14,1
35,619,1,600,85,4717,18659,11,15,11,6
40,302,6,601,75,13237,20364,15,22,20,5
39,443,8,602,48,3755,17872,11,8,8,0
31,828,2,604,77,6582,8346,13,10,6,0
42,319,24,605,56,7406,6950,21,10,10,5
45,561,2,606,61,4805,16177,19,9,8,3
26,426,17,608,58,2741,22808,11,8,7,1
29,232,19,611,34,4262,22645,12,8,3,1
33,922,1,612,95,16184,22578,19,10,6,0
31,688,7,613,44,11557,25291,21,10,5,0
18,1306,5,614,69,1878,8059,14,0,0,0
40,1094,28,615,58,10932,11373,15,20,1,0
41,509,2,616,62,6811,2112,17,10,8,0
26,775,29,618,45,4306,4267,12,8,0,0
35,195,1,620,80,4859,6698,16,5,5,0
34,258,21,621,74,5337,19921,12,10,10,5
26,471,24,622,66,2340,23213,18,1,1,0
37,799,1,623,59,7491,23848,17,12,6,1
46,1034,18,624,86,10527,8984,11,28,2,1
41,1276,2,625,91,16595,5626,16,22,18,11
37,142,9,626,69,8834,24666,13,9,9,7
52,956,6,630,78,5577,22087,12,18,10,6
32,1474,11,631,60,4707,23914,12,6,4,1
24,535,24,632,38,2400,5530,13,3,2,2
38,1495,10,634,76,9824,22174,19,18,1,0
37,446,1,635,65,6447,15701,12,8,6,4
49,1245,18,638,58,19502,2125,17,31,31,0
24,691,23,639,89,2725,21630,11,6,6,1
26,703,28,641,66,6272,7428,20,6,5,1
24,823,17,643,94,2127,9100,21,1,1,0
50,1246,3,644,99,18200,7999,11,32,32,10
25,622,13,645,40,2096,26376,11,7,7,0
24,1287,7,647,55,2886,14168,16,6,6,1
30,448,12,648,74,2033,14470,18,1,1,0
34,254,1,649,83,3622,22794,13,6,6,1
31,1365,13,650,46,4233,11512,17,9,3,1
35,538,25,652,54,3681,14004,14,9,3,0
31,525,6,653,66,5460,6219,22,13,7,5
27,798,6,655,66,2187,5013,12,6,5,0
37,558,2,656,75,9602,3010,11,17,3,1
20,959,1,657,83,2836,11757,13,1,1,0
42,622,2,659,81,4089,5718,13,10,10,2
43,782,6,661,50,16627,2671,14,21,1,0
38,362,1,662,43,2619,14561,17,8,0,0
43,1001,9,663,72,5679,19627,13,10,8,4
48,1236,1,664,40,15402,17997,11,21,3,0
44,1112,1,665,50,5985,26894,11,10,2,0
34,204,14,666,31,2579,2912,18,8,8,0
27,1420,2,667,85,3041,16346,11,5,4,0
21,1343,22,669,49,3447,24444,11,3,3,1
44,1315,3,671,35,19513,9358,12,26,2,0
22,604,6,675,69,2773,12145,20,3,2,2
33,1216,8,677,39,7104,20431,12,6,5,1
32,646,9,679,92,6322,18089,12,6,6,0
30,160,3,680,71,2083,22653,20,1,1,0
53,238,1,682,34,8381,7507,20,18,14,8
34,1397,1,683,42,2691,7660,12,10,10,8
45,306,26,684,100,4286,5630,14,5,1,0
26,991,6,686,71,2659,17759,13,3,3,0
37,482,3,689,36,9434,9606,15,10,10,7
29,1176,3,690,62,5561,3487,14,6,6,1
35,1017,6,691,82,6646,19368,13,17,17,11
33,1296,6,692,30,7725,5335,23,15,13,4
54,397,19,698,88,10725,6729,15,16,9,7
36,913,9,699,48,8847,13934,11,13,3,0
27,1115,3,700,54,2045,15174,13,5,4,1
20,1362,10,701,32,1009,26999,11,1,1,1
33,1076,3,702,70,3348,3164,11,10,10,9
35,727,3,704,41,1281,16900,18,1,1,0
23,885,4,705,58,2819,8544,16,5,3,0
25,810,8,707,57,4851,15678,22,4,3,1
38,243,7,709,46,4028,7791,20,8,7,0
29,806,1,710,76,2720,18959,18,10,10,2
48,817,2,712,56,8120,18597,12,12,2,2
27,1410,3,714,71,4647,16673,20,6,6,0
37,1225,10,715,80,4680,15232,17,4,1,0
50,1207,28,716,74,3221,3297,11,20,20,3
34,1442,9,717,46,8621,17654,14,9,8,7
24,693,3,720,65,4577,24785,14,4,2,2
39,408,2,721,80,4553,20978,11,20,20,11
32,929,10,722,55,5396,21703,12,10,10,0
50,562,8,723,50,6796,23452,14,18,4,1
38,827,1,724,33,7625,19383,13,10,9,1
27,608,1,725,68,7412,6009,11,9,9,0
32,1018,3,727,39,11159,19373,15,10,7,7
47,703,14,728,42,4960,11825,12,20,7,1
40,580,5,729,48,10475,23772,21,20,18,1
53,970,7,730,59,14814,13514,19,32,5,1
41,427,10,731,73,19141,8861,15,23,21,12
60,1179,16,732,84,5405,11924,14,10,2,2
27,294,10,733,32,8793,4809,21,9,9,1
41,314,1,734,59,19189,19562,12,22,22,2
50,316,8,738,54,3875,9983,15,4,2,2
28,654,1,741,67,2216,3872,13,10,7,3
36,427,8,742,63,11713,20335,14,10,8,0
38,168,1,743,81,7861,15397,14,10,1,0
44,381,24,744,49,3708,2104,14,9,5,1
47,217,3,746,49,13770,10225,12,28,22,11
30,501,27,747,99,5304,25275,23,10,8,7
29,1396,10,749,99,2642,2755,11,1,1,0
42,933,19,752,57,2759,20366,12,7,2,2
43,775,15,754,47,6804,23683,18,7,2,2
34,970,8,757,96,6142,7360,11,10,5,4
23,650,9,758,37,2500,4344,14,5,4,0
39,141,3,760,44,6389,18767,15,12,8,3
56,832,9,762,81,11103,20420,11,30,10,1
40,804,2,763,86,2342,22929,20,5,4,2
27,975,7,764,55,6811,23398,19,9,7,0
29,1090,10,766,83,2297,17967,14,2,2,2
53,346,6,769,86,2450,10919,17,19,2,2
35,1225,2,771,61,5093,4761,11,16,1,0
32,430,24,772,80,5309,21146,15,10,10,4
38,268,2,773,92,3057,20471,13,6,1,0
34,167,8,775,32,5121,4187,14,7,0,0
52,621,3,776,31,16856,10084,11,34,34,1
33,527,1,780,63,2686,5207,13,10,10,7
25,883,26,781,32,6180,22807,23,6,6,1
45,954,2,783,46,6632,12388,13,9,8,3
23,310,10,784,79,3505,19630,18,2,2,0
47,719,27,785,77,6397,10339,12,8,5,1
34,304,2,786,60,6274,18686,22,6,6,1
55,725,2,787,78,19859,21199,13,24,5,1
36,1434,8,789,76,7587,14229,15,10,10,0
52,715,19,791,41,4258,26589,18,5,4,1
26,575,1,792,71,4364,5288,14,5,2,2
29,657,27,793,66,4335,25549,12,11,8,1
26,1146,8,796,38,5326,3064,17,6,4,1
34,182,1,797,72,3280,13551,16,10,4,1
54,376,19,799,95,5485,22670,11,9,5,1
27,829,8,800,84,4342,24008,19,5,4,1
37,571,10,802,82,2782,19905,13,6,5,4
38,240,2,803,75,5980,26085,12,17,15,4
34,121,2,804,86,4381,7530,11,6,6,1
35,384,8,805,72,2572,20317,16,3,3,0
30,921,1,806,38,3833,24375,21,7,2,0
40,791,2,807,38,4244,9931,24,8,8,3
34,1111,8,808,93,6500,13305,17,6,3,1
42,570,8,809,66,18430,16225,13,24,24,14
23,1243,6,811,63,1601,3445,21,1,0,0
24,1092,9,812,60,2694,26551,11,1,1,0
52,1325,11,813,82,3149,21821,20,9,5,1
50,691,2,815,64,17639,6881,16,30,4,0
29,805,1,816,36,2319,6689,11,1,1,0
33,213,7,817,49,11691,25995,11,14,13,3
33,118,16,819,69,5324,26507,15,6,3,0
47,202,2,820,33,16752,12982,11,26,26,3
36,676,1,823,35,5228,23361,15,10,9,0
29,1252,23,824,81,2700,23779,24,10,10,0
58,286,2,825,31,19246,25761,12,40,31,13
35,1258,1,826,40,2506,13301,13,7,2,2
42,932,1,827,43,6062,4051,13,8,4,0
28,890,2,828,46,4382,16374,17,5,2,2
36,1041,13,829,36,2143,25527,13,8,5,0
32,859,4,830,98,6162,19124,12,14,14,6
40,720,16,832,51,5094,11983,14,10,1,0
30,946,2,833,52,6877,20234,24,12,0,0
45,252,2,834,95,2274,6153,14,1,1,0
42,933,29,836,98,4434,11806,13,10,9,7
38,471,12,837,45,6288,4284,15,13,4,1
34,702,16,838,100,2553,8306,16,6,5,1
49,1184,11,840,43,7654,5860,18,9,9,7
55,436,2,842,37,5160,21519,16,12,9,7
43,589,14,843,94,17159,5200,24,22,4,1
27,269,5,844,42,12808,8842,16,9,9,0
35,950,7,845,59,10221,18869,21,17,8,1
28,760,2,846,81,4779,3698,20,8,8,7
34,829,3,847,88,3737,2243,19,4,3,0
26,887,5,848,88,2366,20898,14,8,8,1
27,443,3,850,50,1706,16571,11,0,0,0
51,1318,26,851,66,16307,5594,14,29,20,4
44,625,4,852,50,5933,5197,12,10,5,2
25,180,2,854,65,3424,21632,13,6,4,0
33,586,1,855,48,4037,21816,22,9,9,0
35,1343,27,856,53,2559,17852,11,6,6,1
36,928,1,857,56,6201,2823,14,18,18,4
32,117,13,859,73,4403,9250,11,8,5,0
30,1012,5,861,75,3761,2373,12,10,5,0
53,661,7,862,78,10934,20715,18,35,5,0
45,930,9,864,74,10761,19239,12,18,5,0
32,638,8,865,91,5175,22162,12,9,5,1
52,890,25,867,81,13826,19028,22,31,9,0
37,342,16,868,66,6334,24558,19,9,1,0
28,1169,8,869,63,4936,23965,13,6,5,0
22,1230,1,872,33,4775,19146,22,4,2,2
44,986,8,874,62,2818,5044,24,10,3,0
42,1271,2,875,35,2515,9068,14,8,2,2
36,1278,8,878,77,2342,8635,21,6,5,0
25,141,3,879,98,4194,14363,18,5,5,0
35,607,9,880,66,10685,23457,20,17,17,5
35,130,25,881,96,2022,16612,19,10,10,7
32,300,1,882,61,2314,9148,12,4,3,0
25,583,4,885,87,4256,18154,12,5,5,0
49,1418,1,887,36,3580,10554,16,7,4,0
24,1269,4,888,46,3162,10778,17,6,5,3
32,379,5,889,48,6524,8891,14,10,10,5
38,395,9,893,98,2899,12102,19,3,2,1
42,1265,3,894,95,5231,23726,13,17,5,1
31,1222,11,895,48,2356,14871,19,8,6,0
29,341,1,896,48,2800,23522,19,5,3,0
53,868,8,897,73,11836,22789,14,28,2,2
35,672,25,899,78,10903,9129,16,16,13,4
37,1231,21,900,54,2973,21222,15,10,5,0
53,102,23,901,72,14275,20206,18,33,12,3
43,422,1,902,33,5562,21782,13,12,5,2
47,249,2,903,35,4537,17783,22,8,7,7
37,1252,19,904,32,7642,4814,13,10,10,0
50,881,2,905,98,17924,4544,11,31,31,14
39,1383,2,909,42,5204,7790,11,13,5,0
33,1075,3,910,57,2277,22650,11,7,4,0
32,374,25,911,87,2795,18016,24,1,1,0
29,1086,7,912,62,2532,6054,14,8,4,0
44,661,9,913,61,2559,7508,13,8,8,7
28,821,5,916,98,4908,24252,14,4,4,0
58,781,2,918,57,2380,13384,14,3,1,0
43,177,8,920,55,4765,23814,21,4,1,0
20,500,2,922,49,2044,22052,13,2,2,0
21,1427,18,923,65,2693,8870,19,1,1,0
36,1425,14,924,68,6586,4821,17,17,16,4
47,1454,2,925,65,3294,13137,18,3,3,1
22,617,3,926,34,4171,10022,19,4,3,0
41,1085,2,927,57,2778,17725,13,10,7,1
28,995,9,930,77,2377,9834,18,6,2,2
39,1122,6,932,70,2404,4303,21,8,2,2
27,618,4,933,76,2318,17808,19,1,1,0
34,546,10,934,83,2008,6896,14,1,1,1
42,462,14,936,68,6244,7824,17,10,5,0
33,1198,1,939,100,2799,3339,11,6,3,0
58,1272,5,940,37,10552,9255,13,24,6,0
31,154,7,941,41,2329,11737,15,13,7,5
35,1137,21,942,51,4014,19170,25,10,10,0
49,527,8,944,51,7403,22477,11,29,26,1
48,1469,20,945,51,2259,5543,17,13,0,0
31,1188,20,947,45,6932,24406,13,9,9,0
36,188,7,949,65,4678,23293,18,8,6,0
38,1333,1,950,80,13582,16292,13,15,15,5
32,1184,1,951,70,2332,3974,20,5,3,0
25,867,19,952,36,2413,18798,18,1,1,0
40,658,10,954,67,9705,20652,12,11,1,0
26,1283,1,956,52,4294,11148,12,7,7,0
41,263,6,957,59,4721,3119,13,20,18,2
36,938,2,958,79,2519,12287,21,16,11,3
19,419,21,959,37,2121,9947,13,1,1,0
20,129,4,960,84,2973,13008,19,1,1,0
31,616,12,961,41,5855,17369,11,10,9,8
40,1469,9,964,35,3617,25063,14,3,1,0
32,498,3,966,93,6725,13554,12,8,8,6
36,530,3,967,51,10325,5518,11,16,16,3
33,1069,1,969,42,6949,12291,14,6,5,1
37,625,1,970,46,10609,14922,11,17,14,11
45,805,4,972,57,4447,23163,12,9,9,0
29,1404,20,974,84,2157,18203,15,3,3,0
35,1219,18,975,86,4601,6179,16,5,5,1
52,1053,1,976,70,17099,13829,15,26,9,7
58,289,2,977,51,2479,26227,24,7,1,0
53,1376,2,981,45,14852,13938,13,22,17,15
30,231,8,982,62,7264,9977,11,10,8,7
38,152,10,983,85,5666,19899,13,6,5,1
35,882,3,984,92,7823,6812,13,12,10,0
39,903,2,985,41,7880,2560,18,9,8,0
40,1479,24,986,100,13194,17071,16,22,1,0
47,1379,16,987,64,5067,6759,19,20,19,2
36,1229,8,990,84,5079,25952,13,12,7,0
31,335,9,991,46,2321,10322,22,4,3,1
33,722,17,992,38,17444,20489,11,10,10,6
29,906,10,994,92,2404,11479,20,3,0,0
33,461,13,995,53,3452,17241,18,5,3,0
45,974,1,996,91,2270,11005,14,8,5,0
50,1126,1,997,66,17399,6615,22,32,5,1
33,827,1,998,84,5488,20161,13,6,6,1
41,840,9,999,64,19419,3735,17,21,18,0
27,1134,16,1001,37,2811,12086,14,4,2,2
45,248,23,1002,42,3633,14039,15,9,9,0
47,955,4,1003,83,4163,8571,17,9,9,0
30,138,22,1004,48,2132,11539,11,7,5,0
50,939,24,1005,95,13973,4161,18,22,12,1
38,1391,10,1006,66,2684,12127,17,3,2,0
46,566,7,1007,75,10845,24208,13,13,8,0
24,1206,17,1009,41,4377,24117,15,5,4,3
35,622,14,1010,39,3743,10074,24,5,4,0
31,853,1,1011,96,4148,11275,12,4,4,0
18,287,5,1012,73,1051,13493,15,0,0,0
54,1441,17,1013,56,10739,13943,11,22,10,0
35,583,25,1014,57,10388,6975,11,16,16,10
30,153,8,1015,73,11416,17802,12,9,8,1
20,1097,11,1016,98,2600,18275,15,1,1,0
30,109,5,1017,60,2422,25725,17,4,3,1
26,1066,2,1018,32,5472,3334,12,8,8,1
22,217,8,1019,94,2451,6881,15,4,4,1
48,277,6,1022,97,4240,13119,13,19,2,2
48,1355,4,1024,78,10999,22245,14,27,15,4
41,549,7,1025,42,5003,23371,14,8,2,2
39,466,1,1026,65,12742,7060,16,21,21,11
27,1055,2,1027,47,4227,4658,18,4,3,2
35,802,10,1028,45,3917,9541,20,3,3,1
42,265,5,1029,90,18303,7770,13,21,1,0
50,804,9,1030,64,2380,20165,18,8,1,0
59,715,2,1032,69,13726,21829,13,30,5,4
37,1141,11,1033,61,4777,14382,15,15,1,0
55,135,18,1034,62,6385,12992,14,17,8,6
41,247,7,1035,55,19973,20284,22,21,21,5
38,1035,3,1036,42,6861,4981,12,19,1,0
26,265,29,1037,79,4969,21813,18,7,2,2
52,266,2,1038,57,19845,25846,15,33,32,6
44,1448,28,1039,53,13320,11737,18,23,12,11
50,145,1,1040,95,6347,24920,12,19,18,0
36,885,16,1042,43,2743,8269,16,18,17,15
39,945,22,1043,82,10880,5083,13,21,21,2
33,1038,8,1044,88,2342,21437,19,3,2,2
45,1234,11,1045,90,17650,5404,13,26,9,1
32,1109,29,1046,69,4025,11135,12,10,8,7
34,216,1,1047,75,9725,12278,11,16,15,0
59,1089,1,1048,66,11904,11038,14,14,6,0
45,788,24,1049,36,2177,8318,16,6,6,0
53,124,2,1050,38,7525,23537,12,30,15,6
36,660,15,1052,81,4834,7858,14,9,1,0
26,342,2,1053,57,2042,15346,14,6,3,1
34,1333,10,1055,87,2220,18410,19,1,1,0
28,1144,10,1056,74,1052,23384,22,1,1,0
38,1186,3,1060,44,2821,2997,16,8,2,2
50,1464,2,1061,62,19237,12853,11,29,8,7
37,124,3,1062,35,4107,13848,15,8,4,0
40,300,26,1066,74,8396,22217,14,8,7,7
26,921,1,1068,66,2007,25265,13,5,5,1
46,430,1,1069,40,19627,21445,17,23,2,2
54,1082,2,1070,41,10686,8392,11,13,9,7
56,1240,9,1071,63,2942,12154,19,18,5,0
36,796,12,1073,51,8858,15669,11,15,14,7
55,444,2,1074,40,16756,17323,15,31,9,6
43,415,25,1076,79,10798,5268,13,18,1,0
20,769,9,1077,54,2323,17205,14,2,2,0
21,1334,10,1079,36,1416,17258,13,1,1,1
46,1003,8,1080,74,4615,21029,23,19,16,1
51,1323,4,1081,34,2461,10332,12,18,10,2
28,1366,24,1082,72,8722,12355,12,10,10,1
26,192,1,1083,59,3955,11141,16,6,5,1
30,1176,20,1084,85,9957,9096,15,7,6,0
41,509,7,1085,43,3376,18863,13,10,10,0
38,330,17,1088,65,8823,24608,18,20,19,1
40,1492,20,1092,61,10322,26542,20,14,11,11
27,1277,8,1094,87,4621,5869,19,3,3,1
55,1091,2,1096,65,10976,15813,18,23,3,1
28,857,10,1097,59,3660,7909,13,10,8,1
44,1376,1,1098,91,10482,2326,14,24,20,3
33,654,5,1099,34,7119,21214,15,9,3,1
35,1204,4,1100,86,9582,10333,22,9,8,4
33,827,29,1101,54,4508,3129,22,14,13,3
28,895,15,1102,50,2207,22482,16,4,4,2
34,618,3,1103,45,7756,22266,17,7,6,0
37,309,10,1105,88,6694,24223,14,8,1,0
25,1219,4,1106,32,3691,4605,15,7,7,5
26,1330,21,1107,37,2377,19373,20,1,1,0
33,1017,25,1108,55,2313,2993,20,5,2,2
42,469,2,1109,35,17665,14399,17,23,22,13
28,1009,1,1111,45,2596,7160,15,1,1,0
50,959,1,1113,81,4728,17251,14,5,0,0
33,970,7,1114,30,4302,13401,17,4,3,0
34,697,3,1115,40,2979,22478,17,6,0,0
48,1262,1,1116,35,16885,16154,22,27,5,2
45,1050,9,1117,65,5593,17970,13,15,15,4
52,994,7,1118,87,10445,15322,19,18,8,4
38,770,10,1119,73,8740,5569,14,9,8,2
29,1107,28,1120,93,2514,26968,22,11,7,1
28,950,3,1121,93,7655,8039,17,10,9,1
46,406,3,1124,52,17465,15596,12,23,12,4
38,130,2,1125,32,7351,20619,16,10,1,0
43,1082,27,1126,83,10820,11535,11,18,8,0
39,203,2,1127,84,12169,13547,11,21,18,11
40,1308,14,1128,44,19626,17544,14,21,20,4
21,984,1,1131,70,2070,25326,11,2,2,2
39,439,9,1132,70,6782,8770,15,9,5,0
36,217,18,1133,78,7779,23238,20,18,11,0
31,793,20,1135,67,2791,21981,12,3,2,2
28,1451,2,1136,67,3201,19911,17,6,5,0
35,1182,11,1137,54,4968,18500,11,5,5,0
49,174,8,1138,56,13120,11879,17,22,9,2
34,1003,2,1140,95,4033,15834,11,5,3,0
29,490,10,1143,61,3291,17940,14,8,7,1
42,188,29,1148,56,4272,9558,19,16,1,0
29,718,8,1150,79,5056,17689,15,10,10,1
38,433,1,1152,37,2844,6004,13,7,7,5
28,773,6,1154,39,2703,22088,14,3,3,0
18,247,8,1156,80,1904,13556,12,0,0,0
33,603,9,1157,77,8224,18385,17,6,5,0
41,167,12,1158,46,4766,9051,11,6,1,0
31,874,15,1160,72,2610,6233,12,2,2,2
37,367,25,1161,52,5731,17171,13,9,6,1
27,199,6,1162,55,2539,7950,13,4,4,2
34,1400,9,1163,70,5714,5829,20,6,6,1
35,528,8,1164,100,4323,7108,17,6,5,1
29,408,23,1165,45,7336,11162,13,11,11,3
40,593,9,1166,88,13499,13782,17,20,18,2
42,481,12,1167,44,13758,2447,12,22,21,13
42,647,4,1171,45,5155,2253,13,9,6,1
35,982,1,1172,58,2258,16340,12,10,8,1
24,477,24,1173,49,3597,6409,22,6,4,1
28,1485,12,1175,79,2515,22955,11,1,1,0
26,1384,3,1177,82,4420,13421,22,8,8,0
30,852,10,1179,72,6578,2706,18,10,10,1
40,902,26,1180,92,4422,21203,13,16,1,0
35,819,2,1182,44,10274,19588,18,15,7,6
34,669,1,1184,97,5343,25755,20,14,13,4
35,636,4,1185,47,2376,26537,13,2,2,2
43,1372,9,1188,85,5346,9489,13,7,4,1
32,862,2,1190,76,2827,14947,12,1,1,0
56,718,4,1191,92,19943,18575,13,28,5,4
29,1401,6,1192,54,3131,26342,13,10,10,0
19,645,9,1193,54,2552,7172,25,1,1,0
45,1457,7,1195,83,4477,20100,19,7,3,0
37,977,1,1196,56,6474,9961,13,14,14,3
20,805,3,1198,87,3033,12828,12,2,2,1
44,1097,10,1200,96,2936,10826,11,6,6,0
53,1223,7,1201,50,18606,18640,18,26,7,4
29,942,15,1202,69,2168,26933,18,6,5,1
22,1256,3,1203,48,2853,4223,11,1,0,0
46,1402,2,1204,69,17048,24097,23,28,26,15
44,111,17,1206,74,2290,4279,13,6,0,0
33,147,2,1207,99,3600,8429,13,5,5,1
41,906,5,1210,95,2107,20293,17,5,1,0
30,1329,29,1211,61,4115,13192,19,8,4,0
40,1184,2,1212,62,4327,25440,12,5,0,0
50,1421,2,1215,30,17856,9490,22,32,2,2
28,1179,19,1216,78,3196,12449,12,6,6,3
46,1450,15,1217,52,19081,10849,11,25,4,0
35,1361,17,1218,94,8966,21026,15,15,7,1
24,984,17,1219,97,2210,3372,13,1,1,0
33,1146,25,1220,82,4539,4905,12,10,10,0
36,917,6,1221,60,2741,6865,14,7,7,1
30,853,7,1224,49,3491,11309,13,10,10,8
44,200,29,1225,32,4541,7744,25,20,20,13
20,654,21,1226,43,2678,5050,17,2,2,2
46,150,2,1228,60,7379,17433,11,12,6,1
42,179,2,1231,79,6272,12858,16,10,4,0
60,696,7,1233,52,5220,10893,18,12,11,1
32,116,13,1234,77,2743,7331,20,2,2,2
32,1316,2,1235,38,4998,2338,14,10,8,0
36,363,1,1237,77,10252,4235,21,17,7,7
33,117,9,1238,60,2781,6311,13,15,14,4
40,107,10,1239,84,6852,11591,12,7,5,1
25,1356,10,1240,57,4950,20623,14,5,4,1
30,1465,1,1241,63,3579,9369,21,12,11,5
42,458,26,1242,60,13191,23281,17,20,1,0
35,1212,8,1243,78,10377,13755,11,16,13,4
27,1103,14,1244,42,2235,14377,14,9,9,6
54,966,1,1245,53,10502,9659,17,33,5,1
44,1117,2,1246,72,2011,19982,13,10,10,7
19,504,10,1248,96,1859,6148,25,1,1,0
29,1010,1,1249,97,3760,5598,15,3,3,1
54,685,3,1250,85,17779,23474,14,36,10,0
31,1332,11,1251,80,6833,17089,12,6,6,0
31,1062,24,1252,96,6812,17198,19,10,10,1
59,326,3,1254,48,5171,16490,17,13,6,0
43,920,3,1255,96,19740,18625,14,25,8,0
49,1098,4,1256,85,18711,12124,13,23,1,0
36,469,3,1257,46,3692,9256,12,12,11,0
48,969,2,1258,76,2559,16620,11,7,1,0
27,1167,4,1259,76,2517,3208,11,5,5,0
29,1329,7,1260,82,6623,4204,11,6,6,1
48,715,1,1263,76,18265,8733,12,25,1,0
29,694,1,1264,87,16124,3423,14,9,7,1
34,1320,20,1265,89,2585,21643,17,2,1,0
44,1099,5,1267,88,18213,8751,11,26,22,3
33,536,10,1268,82,8380,21708,14,10,9,0
19,265,25,1269,57,2994,21221,12,1,1,0
23,373,1,1270,47,1223,16901,22,1,1,0
25,599,24,1273,73,1118,8040,14,1,1,1
26,583,4,1275,53,2875,9973,20,8,8,2
45,1449,2,1277,94,18824,2493,16,26,24,1
55,177,8,1278,37,13577,25592,15,34,33,15
21,251,10,1279,45,2625,25308,20,2,2,2
46,168,4,1280,33,18789,9946,14,26,11,0
34,131,2,1281,86,4538,6039,12,4,3,0
51,237,9,1282,83,19847,19196,24,31,29,11
59,1429,18,1283,67,10512,20002,12,25,9,5
34,135,19,1285,46,4444,22534,13,15,11,5
28,791,1,1286,44,2154,6842,11,5,4,0
44,1199,4,1288,92,19190,17477,14,26,25,14
34,648,11,1289,56,4490,21833,11,14,10,1
35,735,6,1291,66,3506,6020,14,4,3,2
42,603,7,1292,78,2372,5628,16,18,1,0
43,531,4,1293,56,10231,20364,14,23,21,15
36,429,2,1294,53,5410,2323,11,18,16,5
44,621,15,1295,73,7978,14075,11,10,10,0
28,193,2,1296,52,3867,14222,12,2,2,2
51,968,6,1297,40,2838,4257,14,8,7,7
30,879,9,1298,72,4695,12858,18,10,8,1
29,806,7,1299,39,3339,17285,13,10,7,7
28,640,1,1301,84,2080,4732,11,5,3,1
25,266,1,1303,40,2096,18830,18,2,2,2
32,604,8,1304,56,6209,11693,15,10,10,0
45,364,25,1306,83,18061,13035,22,22,0,0
39,412,13,1307,94,17123,17334,13,21,19,15
58,848,23,1308,88,2372,26076,12,2,2,2
32,1089,7,1309,79,4883,22845,18,10,10,1
39,360,23,1310,93,3904,22154,13,6,5,0
30,1138,6,1311,48,4627,23631,12,10,9,6
36,325,10,1312,63,7094,5747,12,10,7,1
46,991,1,1314,44,3423,22957,12,10,7,5
28,1476,1,1315,55,6674,16392,11,10,9,7
50,1322,28,1317,43,16880,22422,11,25,3,1
40,299,25,1318,57,9094,17235,12,9,5,1
52,1030,5,1319,64,8446,21534,19,10,8,7
30,634,17,1321,95,11916,25927,23,9,9,0
39,524,18,1322,32,4534,13352,11,9,8,1
31,587,2,1324,57,9852,8935,19,10,10,9
41,256,10,1329,40,6151,22074,13,19,19,11
31,1060,1,1331,54,2302,8319,11,3,3,2
44,935,3,1333,89,2362,14669,12,10,3,1
42,495,2,1334,37,17861,26582,13,21,20,2
55,282,2,1336,58,19187,6992,14,23,19,9
56,206,8,1338,99,19717,4022,14,36,7,7
40,458,16,1340,74,3544,8532,16,6,4,0
34,943,9,1344,86,8500,5494,11,10,9,1
40,523,2,1346,98,4661,22455,13,9,9,8
41,1018,1,1349,66,4103,4297,17,10,9,1
35,482,4,1350,87,4249,2690,11,9,9,1
51,770,5,1352,84,14026,17588,11,33,33,0
38,1009,2,1355,31,6893,19461,15,11,7,1
34,507,15,1356,66,6125,23553,12,10,10,9
25,882,19,1358,67,3669,9075,11,7,3,1
58,601,7,1360,53,10008,12023,14,31,10,5
40,329,1,1361,88,2387,6762,22,7,4,0
36,607,7,1362,83,4639,2261,16,17,15,6
48,855,4,1363,54,7898,18706,11,11,10,0
27,1291,11,1364,98,2534,6527,14,5,1,0
51,1405,11,1367,82,13142,24439,16,29,5,0
18,1124,1,1368,97,1611,19305,15,0,0,0
35,817,1,1369,60,5363,10846,12,10,9,0
27,793,2,1371,43,5071,20392,20,8,6,0
55,267,13,1372,85,13695,9277,17,24,19,3
56,1369,23,1373,68,13402,18235,12,33,19,15
34,999,26,1374,92,2029,15891,20,5,5,0
40,1202,2,1375,89,6377,13888,20,15,12,11
34,285,29,1377,86,5429,17491,13,10,8,7
31,703,2,1379,90,2785,11882,14,3,1,0
35,662,18,1380,67,4614,23288,18,5,4,3
38,693,7,1382,57,2610,15748,11,4,4,0
34,404,2,1383,98,6687,6163,11,14,14,4
28,736,26,1387,48,4724,24232,11,5,5,0
31,330,22,1389,98,6179,21057,15,10,10,6
39,1498,21,1390,44,6120,3567,12,8,5,1
51,541,2,1391,52,10596,15395,11,14,4,3
41,1200,22,1392,75,5467,13953,14,12,6,3
37,1439,4,1394,54,2996,5182,15,8,6,1
33,1111,5,1395,61,9998,19293,13,8,5,1
32,499,2,1396,36,4078,20497,13,4,3,1
39,1485,25,1397,71,10920,3449,21,13,6,0
25,1372,18,1399,93,6232,12477,11,6,3,1
52,322,28,1401,59,13247,9731,11,24,5,0
43,930,6,1402,73,4081,20003,14,20,20,1
27,205,10,1403,98,5769,7100,11,6,6,4
27,135,17,1405,51,2394,25681,13,8,8,7
26,683,2,1407,36,3904,4050,12,5,4,1
42,1147,10,1408,31,16799,16616,14,21,20,0
52,258,8,1409,54,2950,17363,13,12,5,0
37,1462,11,1411,94,3629,19106,18,8,3,0
35,200,18,1412,60,9362,19944,11,10,2,2
25,949,1,1415,81,3229,4910,11,7,3,0
26,652,7,1417,100,3578,23577,12,8,7,0
29,332,17,1419,51,7988,9769,13,10,10,0
49,1475,28,1420,97,4284,22710,20,20,4,1
29,337,14,1421,84,7553,22930,12,9,8,7
54,971,1,1422,54,17328,5652,19,29,20,12
58,1055,1,1423,76,19701,22456,21,32,9,1
55,1136,1,1424,81,14732,12414,13,31,7,0
36,1174,3,1425,99,9278,20763,16,15,5,0
31,667,1,1427,50,1359,16154,12,1,1,0
30,855,7,1428,73,4779,12761,14,8,3,0
31,182,8,1430,93,16422,8847,11,9,3,1
34,560,1,1431,91,2996,20284,14,10,4,1
31,202,8,1433,34,1261,22262,12,1,1,0
27,1377,11,1434,91,2099,7679,14,6,5,1
36,172,4,1435,37,5810,22604,16,10,10,1
36,329,16,1436,98,5647,13494,13,11,3,0
47,465,1,1438,74,3420,10205,12,17,6,1
25,383,9,1439,68,4400,15182,12,6,3,2
37,1413,5,1440,84,3500,25470,14,7,6,1
56,1255,1,1441,90,2066,10494,22,5,3,1
47,359,2,1443,82,17169,26703,19,26,20,5
24,1476,4,1445,42,4162,15211,12,5,5,0
32,601,7,1446,97,9204,23343,12,7,4,0
34,401,1,1447,86,3294,3708,17,7,5,0
41,1283,5,1448,90,2127,5561,12,7,4,0
40,663,9,1449,81,3975,23099,11,11,8,0
31,326,8,1453,31,10793,8386,18,13,13,9
46,377,9,1457,52,10096,15986,11,28,7,4
39,592,2,1458,54,3646,17181,23,11,1,0
31,1445,1,1459,100,7446,8931,11,10,10,4
45,1038,20,1460,95,10851,19863,18,24,7,0
31,1398,8,1461,96,2109,24609,18,8,3,0
31,523,2,1464,94,3722,21081,13,7,2,2
45,1448,29,1465,55,9380,14720,18,10,3,1
48,1221,7,1466,96,5486,24795,11,15,2,2
34,1107,9,1467,52,2742,3072,15,2,2,2
40,218,8,1468,55,13757,25178,11,16,9,4
28,866,5,1469,84,8463,23490,18,6,5,1
44,981,5,1471,90,3162,7973,14,7,5,0
53,447,2,1472,39,16598,19764,12,35,9,8
49,1495,5,1473,96,6651,21534,14,20,3,1
40,896,2,1474,68,2345,8045,14,8,3,1
44,1467,20,1475,49,3420,21158,13,6,5,1
33,430,7,1477,54,4373,17456,14,5,4,0
34,1326,3,1478,81,4759,15891,18,15,13,3
30,1358,16,1479,96,5301,2939,15,4,2,2
42,748,9,1480,74,3673,16458,13,12,12,5
44,383,1,1481,79,4768,9282,12,11,1,0
30,990,7,1482,64,1274,7152,13,1,1,0
57,405,1,1483,93,4900,2721,24,13,12,2
49,1490,7,1484,35,10466,20948,14,29,8,0
34,829,15,1485,71,17007,11929,14,16,14,6
28,1496,1,1486,92,2909,15747,15,5,3,1
29,115,13,1487,51,5765,17485,11,7,5,0
34,790,24,1489,40,4599,7815,23,16,15,10
35,660,7,1492,76,2404,16192,13,1,1,0
24,381,9,1494,89,3172,16998,11,4,0,0
24,830,13,1495,78,2033,7103,13,1,1,0
44,1193,2,1496,86,10209,19719,18,16,2,2
29,1246,19,1497,77,8620,23757,14,10,10,0
30,330,1,1499,46,2064,15428,21,6,5,1
55,1229,4,1501,30,4035,16143,16,4,3,1
33,1099,4,1502,82,3838,8192,11,8,5,0
47,571,14,1503,78,4591,24200,17,11,5,1
28,289,2,1504,38,2561,5355,11,8,0,0
28,1423,1,1506,72,1563,12530,14,1,1,0
28,467,7,1507,55,4898,11827,14,5,4,1
49,271,3,1509,43,4789,23070,25,10,3,1
29,410,2,1513,97,3180,4668,13,4,3,0
28,1083,29,1514,96,6549,3173,14,8,8,1
33,516,8,1515,69,6388,22049,17,14,0,0
32,495,10,1516,64,11244,21072,25,10,5,0
54,1050,11,1520,87,16032,24456,20,26,14,1
29,224,1,1522,100,2362,7568,13,11,9,0
44,136,28,1523,32,16328,22074,13,24,20,14
39,1089,6,1525,32,8376,9150,18,9,2,2
46,228,3,1527,51,16606,11380,12,23,13,5
35,1029,16,1529,91,8606,21195,19,11,11,3
23,507,20,1533,97,2272,24812,14,5,4,1
40,676,9,1534,86,2018,21831,14,15,5,1
34,971,1,1535,64,7083,12288,14,10,10,8
31,561,3,1537,33,4084,4156,12,7,7,7
50,333,22,1539,88,14411,24450,13,32,32,13
34,1440,7,1541,55,2308,4944,25,12,11,5
42,1210,2,1542,68,4841,24052,14,4,1,0
37,674,13,1543,47,4285,3031,17,10,10,3
29,441,8,1544,39,9715,7288,13,9,7,0
33,575,25,1545,44,4320,24152,13,5,5,0
45,950,28,1546,97,2132,4585,20,8,5,0
42,288,2,1547,40,10124,18611,14,24,20,13
40,1342,9,1548,47,5473,19345,12,9,8,7
33,589,28,1549,79,5207,22949,12,15,15,5
40,898,6,1550,38,16437,17381,21,21,21,7
24,350,21,1551,57,2296,10036,14,2,1,0
40,1142,8,1552,72,4069,8841,18,8,2,2
45,538,1,1553,66,7441,20933,12,10,10,7
35,1402,28,1554,98,2430,26204,23,6,5,4
32,824,5,1555,67,5878,15624,12,12,7,2
36,1157,2,1556,70,2644,17001,21,7,3,1
48,492,16,1557,96,6439,13693,14,18,8,7
29,598,9,1558,91,2451,22376,18,5,1,0
33,1242,8,1560,46,6392,10589,13,8,2,2
30,740,1,1562,64,9714,5323,11,10,10,6
38,888,10,1563,71,6077,14814,11,10,6,1
35,992,1,1564,68,2450,21731,19,3,3,1
30,1288,29,1568,33,9250,17799,12,9,4,1
35,104,2,1569,69,2074,26619,12,1,1,0
53,607,2,1572,78,10169,14618,16,34,33,1
38,903,2,1573,81,4855,7653,11,7,5,1
32,1200,1,1574,62,4087,25174,14,9,6,1
48,1108,15,1576,65,2367,16530,12,10,8,7
34,479,7,1577,35,2972,22061,13,1,1,0
55,685,26,1578,60,19586,23037,21,36,36,2
34,1351,1,1580,45,5484,13008,17,9,2,2
26,474,3,1581,89,2061,11133,21,1,1,0
38,1245,14,1582,80,9924,12355,11,10,9,7
38,437,16,1583,90,4198,16379,12,8,3,1
36,884,1,1585,73,6815,21447,13,15,1,0
29,1370,3,1586,87,4723,16213,18,10,10,1
35,670,10,1587,51,6142,4223,16,10,5,0
39,1462,6,1588,38,8237,4658,11,11,7,7
29,995,2,1590,87,8853,24483,19,6,6,1
50,264,9,1591,59,19331,19519,16,27,1,0
23,977,10,1592,45,2073,12826,16,4,2,2
36,1302,6,1594,80,5562,19711,13,9,3,0
42,1059,9,1595,93,19613,26362,22,24,1,0
35,750,28,1596,46,3407,25348,17,10,10,6
34,653,10,1597,92,5063,15332,14,8,8,7
40,118,14,1598,84,4639,11262,15,5,5,1
43,990,27,1599,87,4876,5855,12,8,6,0
35,1349,7,1601,63,2690,7713,18,1,1,0
46,563,1,1602,56,17567,3156,15,27,26,0
28,329,24,1604,51,2408,7324,17,1,1,0
22,457,26,1605,85,2814,10293,14,4,4,1
50,1234,20,1606,41,11245,20689,15,32,30,12
32,634,5,1607,35,3312,18783,17,6,3,0
44,1313,7,1608,31,19049,3549,14,23,22,1
30,241,7,1609,48,2141,5348,12,6,6,1
45,1015,5,1611,50,5769,23447,14,10,10,1
45,336,26,1612,52,4385,24162,15,10,10,4
31,715,2,1613,54,5332,21602,13,10,5,0
36,559,12,1614,76,4663,12421,12,7,3,1
34,426,10,1615,42,4724,17000,13,9,9,7
49,722,25,1617,84,3211,22102,14,10,9,1
39,1387,10,1618,76,5377,3835,13,10,7,7
27,1302,19,1619,67,4066,16290,11,7,7,0
35,819,18,1621,48,5208,26312,11,16,16,1
28,580,27,1622,39,4877,20460,21,6,5,0
21,546,5,1623,97,3117,26009,18,3,2,2
18,544,3,1624,70,1569,18420,12,0,0,0
47,1176,26,1625,98,19658,5220,11,27,5,1
39,170,3,1627,76,3069,10302,15,11,10,0
40,884,15,1628,80,10435,25800,13,18,18,14
35,208,8,1630,52,4148,12250,12,15,14,2
37,671,19,1631,85,5768,26493,17,9,4,0
39,711,4,1633,81,5042,3140,13,10,9,3
45,1329,2,1635,59,5770,5388,19,10,10,3
38,397,2,1638,54,7756,14199,19,10,5,0
35,737,10,1639,55,10306,21530,17,15,13,6
37,1470,10,1640,71,3936,9953,11,8,8,7
40,448,16,1641,84,7945,19948,15,18,4,3
44,602,1,1642,37,5743,10503,11,14,10,0
48,365,4,1644,89,15202,5602,25,23,2,2
35,763,15,1645,59,5440,22098,14,7,2,2
24,567,2,1646,32,3760,17218,13,6,6,1
27,486,8,1647,86,3517,22490,17,5,3,0
27,591,2,1648,87,2580,6297,13,6,4,1
40,1329,7,1649,73,2166,3339,14,10,4,0
29,469,10,1650,42,5869,23413,11,8,5,1
36,711,5,1651,42,8008,22792,12,9,3,0
25,772,2,1653,77,5206,4973,17,7,7,0
39,492,12,1654,66,5295,7693,21,7,5,1
49,301,22,1655,72,16413,3498,16,27,4,1
50,813,17,1656,50,13269,21981,15,19,14,1
20,1141,2,1657,31,2783,13251,19,2,2,2
34,1130,3,1658,66,5433,19332,12,11,11,7
36,311,7,1659,77,2013,10950,11,15,4,1
49,465,6,1661,41,13966,11652,19,30,15,2
36,894,1,1662,33,4374,15411,15,4,3,1
36,1040,3,1664,79,6842,26308,20,13,5,0
54,584,22,1665,91,17426,18685,25,36,10,4
43,1291,15,1666,65,17603,3525,24,14,14,6
35,880,12,1667,36,4581,10414,24,13,11,6
38,1189,1,1668,90,4735,9867,15,19,13,2
29,991,5,1669,43,4187,3356,13,10,10,0
33,392,2,1670,93,5505,3921,14,6,6,0
32,977,2,1671,45,5470,25518,13,10,9,1
31,1112,5,1673,67,5476,22589,11,10,10,0
49,464,16,1674,74,2587,24941,16,17,2,2
38,148,2,1675,42,2440,23826,22,4,4,3
47,1225,2,1676,47,15972,21086,14,29,3,1
49,809,1,1677,36,15379,22384,14,23,8,0
41,1206,23,1678,80,7082,11591,16,21,2,0
20,727,9,1680,54,2728,21082,11,2,2,0
33,530,16,1681,36,5368,16130,25,7,6,1
36,1351,26,1682,80,5347,7419,14,10,3,0
44,528,1,1683,44,3195,4167,18,8,2,2
23,1320,8,1684,93,3989,20586,11,5,5,1
38,1495,4,1687,87,3306,26176,19,7,0,0
53,1395,24,1689,48,7005,3458,15,11,4,1
48,708,7,1691,95,2655,11740,11,19,9,7
32,1259,2,1692,95,1393,24852,12,1,1,0
26,786,7,1693,76,2570,11925,20,7,7,5
55,1441,22,1694,94,3537,23737,12,8,4,1
34,1157,5,1696,57,3986,11912,14,15,15,4
60,370,1,1697,92,10883,20467,20,19,1,0
33,267,21,1698,79,2028,13637,18,14,14,2
37,1278,1,1700,31,9525,7677,14,6,6,1
34,678,19,1701,35,2929,20338,12,10,10,8
23,427,7,1702,99,2275,25103,21,3,3,0
44,921,2,1703,96,7879,14810,19,9,8,6
35,146,2,1704,79,4930,13970,14,6,5,1
43,1179,2,1706,73,7847,6069,17,10,10,8
24,581,9,1707,62,4401,17616,16,5,5,0
41,918,6,1708,35,9241,15869,12,10,10,8
29,1082,9,1709,43,2974,25412,17,9,5,1
36,530,2,1710,51,4502,7439,15,17,13,6
45,1238,1,1712,74,10748,3395,23,25,23,14
24,240,22,1714,58,1555,11585,11,1,1,0
47,1093,9,1716,82,12936,24164,11,25,23,14
26,390,17,1718,62,2305,6217,15,3,3,0
45,1005,28,1719,48,16704,17119,11,21,21,8
32,585,10,1720,56,3433,17360,13,10,5,1
31,741,2,1721,69,3477,18103,14,6,5,0
41,552,4,1722,60,6430,20794,19,10,3,1
40,369,8,1724,92,6516,5041,16,18,1,0
24,506,29,1725,91,3907,3622,13,6,6,1
46,717,13,1727,34,5562,9697,14,19,10,0
35,1370,27,1728,49,6883,5151,16,17,7,0
30,793,16,1729,33,2862,3811,12,10,10,0
47,543,2,1731,87,4978,3536,11,4,1,0
46,1277,2,1732,74,10368,5596,12,13,10,0
36,1456,13,1733,96,6134,8658,13,16,2,2
32,964,1,1734,34,6735,12147,15,10,0,0
23,160,4,1735,51,3295,12862,13,3,3,1
31,163,24,1736,30,5238,6670,20,9,5,1
39,792,1,1737,77,6472,8989,15,9,9,5
32,371,19,1739,80,9610,3840,13,10,4,0
40,611,7,1740,88,19833,4349,14,21,21,12
45,176,4,1744,56,9756,6595,21,9,5,0
30,1312,2,1745,78,4968,26427,16,10,9,0
24,897,10,1746,59,2145,2097,14,3,2,2
30,600,8,1747,66,2180,9732,11,6,4,1
31,1003,5,1749,51,8346,20943,19,6,5,0
27,1054,8,1751,67,3445,6152,11,6,6,1
29,428,9,1752,52,2760,14630,13,2,2,2
29,461,1,1753,70,6294,23060,12,10,3,0
30,979,15,1754,94,7140,3088,11,12,7,1
34,181,2,1755,97,2932,5586,14,6,5,1
33,1283,2,1756,62,5147,10697,15,13,11,1
49,1313,11,1757,80,4507,8191,12,8,5,0
33,211,16,1758,74,8564,10092,20,11,0,0
38,594,2,1760,75,2468,15963,14,9,6,0
31,1079,16,1761,70,8161,19002,13,10,1,0
29,590,4,1762,91,2109,10007,13,1,1,0
30,305,16,1763,58,5294,9128,16,10,7,1
32,953,5,1764,65,2718,17674,14,12,7,0
38,833,18,1766,60,5811,24539,16,15,1,1
43,807,17,1767,38,2437,15587,16,6,1,0
42,855,12,1768,57,2766,8952,22,7,5,0
55,478,2,1770,60,19038,19805,12,34,1,0
33,775,4,1771,90,3055,6194,15,11,9,1
41,548,9,1772,94,2289,20520,20,5,5,0
34,1375,10,1774,87,4001,12313,14,15,15,0
53,661,1,1775,60,12965,22308,20,27,3,0
43,244,2,1778,97,3539,5033,13,10,9,1
34,511,3,1779,32,6029,25353,12,6,2,2
21,337,7,1780,31,2679,4567,13,1,1,1
38,1153,6,1782,40,3702,16376,11,5,5,0
22,1294,8,1783,79,2398,15999,17,1,1,0
31,196,29,1784,91,5468,13402,14,13,12,5
51,942,3,1786,53,13116,22984,11,15,2,2
37,589,9,1787,46,4189,8800,14,5,5,0
46,734,2,1789,46,19328,14218,17,24,2,2
36,1383,10,1790,90,8321,25949,13,15,12,5
44,429,1,1792,99,2342,11092,12,6,5,2
37,1239,8,1794,89,4071,12832,13,19,10,4
35,303,27,1797,84,5813,13492,18,10,10,7
33,867,8,1798,90,3143,6076,19,14,10,7
28,1181,1,1799,82,2044,5531,11,5,5,0
39,1253,10,1800,65,13464,7914,21,9,4,2
46,849,26,1801,98,7991,25166,15,6,2,2
40,616,2,1802,99,3377,25605,17,7,4,0
42,1128,13,1803,95,5538,5696,18,10,0,0
35,1180,2,1804,90,5762,24442,14,15,7,1
38,1336,2,1805,100,2592,7129,13,13,11,3
34,234,9,1807,93,5346,6208,17,11,7,0
37,370,10,1809,58,4213,4992,15,10,10,0
39,766,20,1812,83,4127,19188,18,7,2,2
43,343,9,1813,52,2438,24978,13,7,3,1
41,447,5,1814,85,6870,15530,12,11,3,1
41,796,4,1815,81,10447,26458,13,23,22,13
30,1092,10,1816,64,9667,2739,14,9,7,0
26,920,20,1818,69,2148,6889,11,6,5,1
46,261,21,1821,66,8926,10842,22,13,9,3
40,1194,1,1822,52,6513,9060,17,12,5,0
34,810,8,1823,92,6799,22128,21,10,10,4
58,350,2,1824,52,16291,22577,22,37,16,14
35,185,23,1826,91,2705,9696,16,6,5,0
47,1001,4,1827,92,10333,19271,12,28,22,14
40,750,12,1829,47,4448,10748,12,15,7,7
54,431,7,1830,68,6854,15696,15,14,7,1
31,1125,7,1833,68,9637,8277,14,9,3,2
28,1217,1,1834,67,3591,12719,25,3,3,1
38,723,2,1835,77,5405,4244,20,20,4,0
26,572,10,1836,46,4684,9125,13,5,5,1
58,1216,15,1837,87,15787,21624,14,23,2,2
18,1431,14,1839,33,1514,8018,16,0,0,0
31,359,18,1842,89,2956,21495,17,2,1,0
29,350,13,1844,56,2335,3157,15,4,2,2
45,589,2,1845,67,5154,19665,22,10,8,5
36,430,2,1847,73,6962,19573,22,15,1,0
43,1422,2,1849,92,5675,19246,20,7,7,7
27,1297,5,1850,53,2379,19826,14,6,5,0
29,574,20,1852,40,3812,7003,13,11,11,3
32,1318,10,1853,79,4648,26075,13,4,0,0
42,355,10,1854,38,2936,6161,22,10,6,3
47,207,9,1856,64,2105,5411,12,7,2,2
46,706,2,1857,82,8578,19989,14,12,9,4
28,280,1,1858,43,2706,10494,15,3,3,2
29,726,29,1859,93,6384,21143,17,11,7,1
42,1142,8,1860,81,3968,13624,13,8,0,0
32,414,2,1862,82,9907,26186,12,7,2,2
46,1319,3,1863,45,13225,7739,12,25,19,2
27,728,23,1864,36,3540,7018,21,9,9,5
29,352,6,1865,87,2804,15434,11,1,1,0
43,823,6,1866,81,19392,22539,13,21,16,6
48,1224,10,1867,91,19665,13583,12,29,22,12
29,459,24,1868,73,2439,14753,24,1,1,1
46,1254,10,1869,64,7314,14011,21,14,8,0
27,1131,15,1870,77,4774,23844,19,8,7,7
39,835,19,1871,41,3902,5141,14,7,2,2
55,836,2,1873,98,2662,7975,20,19,5,0
28,1172,3,1875,78,2856,3692,19,1,1,0
30,945,9,1876,89,1081,16019,13,1,1,0
22,391,7,1878,75,2472,26092,23,1,1,0
36,1266,10,1880,63,5673,6060,13,10,10,1
31,311,20,1881,89,4197,18624,11,10,10,0
34,1480,4,1882,64,9713,24444,13,9,5,1
29,592,7,1883,59,2062,19384,14,11,3,1
37,783,7,1885,78,4284,13588,22,16,5,0
35,219,16,1886,44,4788,25388,11,4,3,0
45,556,25,1888,93,5906,23888,13,10,9,3
36,1213,2,1890,94,3886,4223,21,10,10,0
40,1137,1,1892,98,16823,18991,11,22,19,11
26,482,1,1893,90,2933,14908,13,1,1,1
27,511,2,1898,89,6500,26997,14,9,8,0
48,117,22,1900,58,17174,2437,11,24,22,4
44,170,1,1903,78,5033,9364,15,10,2,2
34,967,16,1905,85,2307,14460,23,5,5,3
56,1162,24,1907,97,2587,10261,16,5,4,1
36,335,17,1908,33,5507,16822,16,12,4,1
41,337,8,1909,54,4393,26841,21,14,5,1
42,1396,6,1911,83,13348,14842,13,18,13,5
31,1079,10,1912,86,6583,20115,11,8,5,1
34,735,3,1915,75,8103,16495,12,9,4,0
31,471,4,1916,62,3978,16031,12,4,2,2
26,1096,6,1918,61,2544,7102,18,8,7,7
45,1297,1,1922,44,5399,14511,12,12,4,0
33,217,10,1924,43,5487,10410,14,10,10,0
28,783,1,1927,42,6834,19255,12,7,7,0
29,746,24,1928,45,1091,10642,17,1,1,0
39,1251,21,1929,32,5736,3987,19,10,3,1
27,1354,2,1931,41,2226,6073,11,6,5,1
34,735,22,1932,86,5747,26496,15,16,15,6
28,1475,13,1933,84,9854,23352,11,6,2,2
47,1169,14,1934,64,5467,2125,18,16,8,1
56,1443,11,1935,89,5380,20328,16,6,0,0
39,867,9,1936,87,5151,12315,25,10,10,7
38,1394,8,1937,58,2133,18115,16,20,20,0
58,605,21,1938,72,17875,11761,13,29,1,0
32,238,5,1939,47,2432,15318,14,8,4,0
38,1206,9,1940,71,4771,14293,19,10,5,0
49,1064,2,1941,42,19161,13738,15,28,5,4
42,419,12,1943,77,5087,2900,12,14,0,0
27,1337,22,1944,58,2863,19555,12,1,1,0
35,682,18,1945,71,5561,15975,16,6,5,0
28,1103,16,1947,49,2144,2122,14,5,5,1
31,976,3,1948,48,3065,3995,13,4,4,2
36,1351,9,1949,66,2810,9238,22,5,5,0
34,937,1,1950,32,9888,6770,21,14,14,2
34,1239,13,1951,39,8628,22914,18,9,8,1
26,157,1,1952,95,2867,20006,13,8,7,7
29,136,1,1954,89,5373,6225,12,6,5,0
32,1146,15,1955,34,6667,16542,18,9,5,1
31,1125,1,1956,48,5003,5771,21,10,10,8
28,1404,17,1960,32,2367,18779,12,6,4,0
38,1404,1,1961,59,2858,11473,14,20,1,0
35,1224,7,1962,55,5204,13586,11,10,10,0
27,954,9,1965,44,4105,5099,14,7,7,0
32,1373,5,1966,56,9679,10138,24,8,1,0
31,754,26,1967,63,5617,21075,11,10,10,0
53,1168,24,1968,66,10448,5843,13,15,2,2
54,155,9,1969,67,2897,22474,11,9,4,2
33,1303,7,1970,36,5968,18079,20,9,9,2
43,574,11,1971,30,7510,16873,17,10,10,0
38,1444,1,1972,88,2991,5224,11,7,6,1
55,189,26,1973,71,19636,25811,18,35,10,1
31,1276,2,1974,59,1129,17536,11,1,1,0
39,119,15,1975,77,13341,25098,12,21,20,11
42,335,23,1976,37,4332,14811,12,20,20,3
31,697,10,1979,40,11031,26862,20,13,11,4
54,157,10,1980,77,4440,25198,19,9,5,1
24,771,1,1981,45,4617,14120,12,4,4,1
23,571,12,1982,78,2647,13672,13,5,5,1
40,692,11,1985,73,6323,26849,11,10,10,9
40,444,2,1986,92,5677,4258,14,15,11,5
25,309,2,1987,82,2187,19655,14,6,2,1
30,911,1,1989,76,3748,4077,13,12,12,1
25,977,2,1992,57,3977,7298,19,7,2,0
47,1180,25,1993,84,8633,13084,23,25,17,12
33,1313,1,1994,59,2008,20439,12,1,1,0
38,1321,1,1995,86,4440,7636,15,16,15,5
31,1154,2,1996,54,3067,6393,19,3,2,1
38,508,6,1997,72,5321,14284,11,10,8,7
42,557,18,1998,35,5410,11189,17,9,4,1
41,642,1,1999,76,2782,21412,22,12,5,1
47,1162,1,2000,98,11957,17231,18,14,13,5
35,1490,11,2003,43,2660,20232,11,5,2,2
22,581,1,2007,63,3375,17624,12,4,3,1
35,1395,9,2008,48,5098,18698,19,10,10,0
33,501,15,2009,95,4878,21653,13,10,9,8
32,267,29,2010,49,2837,15919,13,6,6,4
40,543,1,2012,83,2406,4060,19,8,1,0
32,234,1,2013,68,2269,18024,14,3,2,2
39,116,24,2014,52,4108,5340,13,18,7,1
38,201,10,2015,99,13206,3376,12,20,18,1
32,801,1,2016,48,10422,24032,19,14,14,5
37,161,10,2017,42,13744,15471,25,16,16,6
25,1382,8,2018,85,4907,13684,22,6,5,0
52,585,29,2019,40,3482,19788,15,16,9,0
44,1037,1,2020,42,2436,13422,12,6,4,1
21,501,5,2021,58,2380,25479,11,2,2,1
39,105,9,2022,87,19431,15302,13,21,6,1
23,638,9,2023,33,1790,26956,19,1,1,1
36,557,3,2024,94,7644,12695,19,10,9,3
36,688,4,2025,97,5131,9192,13,18,4,0
56,667,1,2026,57,6306,26236,21,13,13,1
29,1092,1,2027,36,4787,26124,14,4,2,2
42,300,2,2031,56,18880,17312,11,24,22,4
56,310,7,2032,72,2339,3666,11,14,10,9
41,582,28,2034,60,13570,5640,23,21,20,0
34,704,28,2035,95,6712,8978,21,8,8,1
36,301,15,2036,88,5406,10436,24,15,15,11
41,930,3,2037,57,8938,12227,11,14,5,0
32,529,2,2038,78,2439,11288,14,4,4,1
35,1146,26,2040,31,8837,16642,16,9,9,1
38,345,10,2041,100,5343,5982,11,10,10,1
50,878,1,2044,94,6728,14255,12,12,6,0
36,1120,11,2045,100,6652,14369,13,8,6,0
45,374,20,2046,50,4850,23333,15,8,5,0
40,1322,2,2048,52,2809,2725,14,8,2,2
35,1199,18,2049,80,5689,24594,14,10,10,0
40,1194,2,2051,98,2001,12549,14,20,5,0
35,287,1,2052,62,2977,8952,12,4,4,1
29,1378,13,2053,46,4025,23679,13,10,4,0
29,468,28,2054,73,3785,8489,14,5,5,0
50,410,28,2055,39,10854,16586,13,20,3,2
39,722,24,2056,60,12031,8828,11,21,20,9
31,325,5,2057,74,9936,3787,19,10,9,1
26,1167,5,2060,30,2966,21378,18,5,4,0
36,884,23,2061,41,2571,12290,17,17,5,0
39,613,6,2062,42,9991,21457,15,9,7,1
27,155,4,2064,87,6142,5174,20,6,6,0
49,1023,2,2065,63,5390,13243,14,17,9,0
34,628,8,2068,82,4404,10228,12,6,4,1
